<?xml version="1.0" encoding="UTF-8"?>
<project-private xmlns="http://www.netbeans.org/ns/project-private/1">
    <editor-bookmarks xmlns="http://www.netbeans.org/ns/editor-bookmarks/2" lastBookmarkId="0"/>
    <open-files xmlns="http://www.netbeans.org/ns/projectui-open-files/2">
        <group>
            <file>file:/D:/microchip/harmony/v2_02_00b/apps/bootloader/LiveUpdate/firmware/src/app.c</file>
            <file>file:/D:/microchip/harmony/v2_02_00b/apps/bootloader/LiveUpdate/firmware/src/system_config/usart_pic32mz_ef_sk/system_tasks.c</file>
            <file>file:/D:/Program%20Files%20(x86)/Microchip/xc32/v1.43/pic32mx/include/stddef.h</file>
            <file>file:/D:/microchip/harmony/v2_02_00b/framework/bootloader/src/datastream/datastream.c</file>
            <file>file:/D:/microchip/harmony/v2_02_00b/framework/peripheral/ports/templates/ports_PortsWrite_MCU32_PPS.h</file>
            <file>file:/D:/microchip/harmony/v2_02_00b/framework/peripheral/int/templates/int_EnableControl_PIC32.h</file>
            <file>file:/D:/microchip/harmony/v2_02_00b/framework/bootloader/src/bootloader.h</file>
            <file>file:/D:/microchip/harmony/v2_02_00b/framework/bootloader/src/datastream/datastream_usart.c</file>
            <file>file:/D:/microchip/harmony/v2_02_00b/apps/bootloader/LiveUpdate/firmware/src/main.c</file>
            <file>file:/D:/microchip/harmony/v2_02_00b/framework/bootloader/src/bootloader.c</file>
            <file>file:/D:/microchip/harmony/v2_02_00b/apps/bootloader/LiveUpdate/firmware/src/system_config/usart_pic32mz_ef_sk/framework/driver/usart/src/drv_usart_mapping.c</file>
            <file>file:/D:/microchip/harmony/v2_02_00b/apps/bootloader/LiveUpdate/firmware/src/system_config/usart_pic32mz_ef_sk/bsp/bsp.c</file>
            <file>file:/D:/microchip/harmony/v2_02_00b/apps/bootloader/LiveUpdate/firmware/src/system_config/usart_pic32mz_ef_sk/system_config.h</file>
        </group>
    </open-files>
</project-private>
