<?xml version="1.0" encoding="UTF-8"?>
<configurationDescriptor version="62">
  <logicalFolder name="root" displayName="root" projectFiles="true">
    <logicalFolder name="HeaderFiles"
                   displayName="Header Files"
                   projectFiles="true">
      <logicalFolder name="app" displayName="app" projectFiles="true">
        <logicalFolder name="f1" displayName="system_config" projectFiles="true">
          <logicalFolder name="f1" displayName="usart_pic32mz_ef_sk" projectFiles="true">
            <logicalFolder name="f2" displayName="bsp" projectFiles="true">
              <itemPath>../src/system_config/usart_pic32mz_ef_sk/bsp/bsp.h</itemPath>
            </logicalFolder>
            <logicalFolder name="f1" displayName="framework" projectFiles="true">
              <logicalFolder name="f1" displayName="driver" projectFiles="true">
                <logicalFolder name="f1" displayName="usart" projectFiles="true">
                  <logicalFolder name="f1" displayName="src" projectFiles="true">
                    <itemPath>../src/system_config/usart_pic32mz_ef_sk/framework/driver/usart/src/drv_usart_static_local.h</itemPath>
                  </logicalFolder>
                  <itemPath>../src/system_config/usart_pic32mz_ef_sk/framework/driver/usart/drv_usart_static.h</itemPath>
                </logicalFolder>
              </logicalFolder>
              <logicalFolder name="f2" displayName="system" projectFiles="true">
                <logicalFolder name="f1" displayName="clk" projectFiles="true">
                  <logicalFolder name="f1" displayName="src" projectFiles="true">
                    <itemPath>../src/system_config/usart_pic32mz_ef_sk/framework/system/clk/src/sys_clk_local.h</itemPath>
                  </logicalFolder>
                </logicalFolder>
                <logicalFolder name="f2" displayName="devcon" projectFiles="true">
                  <logicalFolder name="f1" displayName="src" projectFiles="true">
                    <itemPath>../src/system_config/usart_pic32mz_ef_sk/framework/system/devcon/src/sys_devcon_local.h</itemPath>
                  </logicalFolder>
                  <itemPath>../src/system_config/usart_pic32mz_ef_sk/framework/system/devcon/sys_devcon.h</itemPath>
                </logicalFolder>
              </logicalFolder>
            </logicalFolder>
            <itemPath>../src/system_config/usart_pic32mz_ef_sk/system_config.h</itemPath>
            <itemPath>../src/system_config/usart_pic32mz_ef_sk/system_definitions.h</itemPath>
          </logicalFolder>
        </logicalFolder>
        <itemPath>../src/app.h</itemPath>
      </logicalFolder>
      <logicalFolder name="f1" displayName="framework" projectFiles="true">
        <logicalFolder name="f1" displayName="bootloader" projectFiles="true">
          <logicalFolder name="f1" displayName="src" projectFiles="true">
            <itemPath>../../../../../framework/bootloader/src/bootloader.h</itemPath>
            <itemPath>../../../../../framework/bootloader/src/nvm.h</itemPath>
            <itemPath>../../../../../framework/bootloader/src/datastream.h</itemPath>
          </logicalFolder>
        </logicalFolder>
        <logicalFolder name="f3" displayName="driver" projectFiles="true">
          <logicalFolder name="f1" displayName="usart" projectFiles="true">
            <logicalFolder name="f1" displayName="src" projectFiles="true">
              <itemPath>../../../../../framework/driver/usart/src/drv_usart_variant_mapping.h</itemPath>
            </logicalFolder>
            <itemPath>../../../../../framework/driver/usart/drv_usart.h</itemPath>
          </logicalFolder>
          <itemPath>../../../../../framework/driver/driver.h</itemPath>
          <itemPath>../../../../../framework/driver/driver_common.h</itemPath>
        </logicalFolder>
        <logicalFolder name="f6" displayName="osal" projectFiles="true">
          <logicalFolder name="f1" displayName="src" projectFiles="true">
            <itemPath>../../../../../framework/osal/src/osal_freertos.h</itemPath>
            <itemPath>../../../../../framework/osal/src/osal_impl_basic.h</itemPath>
            <itemPath>../../../../../framework/osal/src/osal_impl_none.h</itemPath>
          </logicalFolder>
          <itemPath>../../../../../framework/osal/osal.h</itemPath>
          <itemPath>../../../../../framework/osal/osal_definitions.h</itemPath>
        </logicalFolder>
        <logicalFolder name="f7" displayName="peripheral" projectFiles="true">
          <logicalFolder name="f1" displayName="ctr" projectFiles="true">
            <logicalFolder name="f1" displayName="processor" projectFiles="true">
              <itemPath>../../../../../framework/peripheral/ctr/processor/ctr_p32mz2048ecm144.h</itemPath>
            </logicalFolder>
          </logicalFolder>
        </logicalFolder>
        <logicalFolder name="f2" displayName="system" projectFiles="true">
          <logicalFolder name="f5" displayName="clk" projectFiles="true">
            <logicalFolder name="f1" displayName="src" projectFiles="true">
              <itemPath>../../../../../framework/system/clk/src/sys_clk_local.h</itemPath>
              <itemPath>../../../../../framework/system/clk/src/sys_clk_pic32mz.h</itemPath>
              <itemPath>../../../../../framework/system/clk/src/sys_clk_variant_mapping.h</itemPath>
            </logicalFolder>
            <itemPath>../../../../../framework/system/clk/sys_clk.h</itemPath>
            <itemPath>../../../../../framework/system/clk/sys_clk_mapping.h</itemPath>
            <itemPath>../../../../../framework/system/clk/sys_clk_compatibility.h</itemPath>
          </logicalFolder>
          <logicalFolder name="f4" displayName="common" projectFiles="true">
            <itemPath>../../../../../framework/system/common/sys_common.h</itemPath>
            <itemPath>../../../../../framework/system/common/sys_module.h</itemPath>
            <itemPath>../../../../../framework/system/common/sys_buffer.h</itemPath>
            <itemPath>../../../../../framework/system/common/sys_queue.h</itemPath>
          </logicalFolder>
          <logicalFolder name="f7" displayName="debug" projectFiles="true">
            <itemPath>../../../../../framework/system/debug/sys_debug.h</itemPath>
          </logicalFolder>
          <logicalFolder name="f3" displayName="dma" projectFiles="true">
            <itemPath>../../../../../framework/system/dma/sys_dma.h</itemPath>
          </logicalFolder>
          <logicalFolder name="f1" displayName="fs" projectFiles="true">
            <itemPath>../../../../../framework/system/fs/sys_fs.h</itemPath>
          </logicalFolder>
          <logicalFolder name="f2" displayName="int" projectFiles="true">
            <logicalFolder name="f1" displayName="src" projectFiles="true">
              <itemPath>../../../../../framework/system/int/src/sys_int_private.h</itemPath>
            </logicalFolder>
            <itemPath>../../../../../framework/system/int/sys_int.h</itemPath>
            <itemPath>../../../../../framework/system/int/sys_int_mapping.h</itemPath>
          </logicalFolder>
          <logicalFolder name="f6" displayName="ports" projectFiles="true">
            <itemPath>../../../../../framework/system/ports/sys_ports.h</itemPath>
          </logicalFolder>
          <logicalFolder name="f8" displayName="reset" projectFiles="true">
            <logicalFolder name="f1" displayName="src" projectFiles="true">
              <itemPath>../../../../../framework/system/reset/src/sys_reset_local.h</itemPath>
              <itemPath>../../../../../framework/system/reset/src/sys_reset_mapping.h</itemPath>
            </logicalFolder>
            <itemPath>../../../../../framework/system/reset/sys_reset.h</itemPath>
          </logicalFolder>
          <itemPath>../../../../../framework/system/system.h</itemPath>
        </logicalFolder>
      </logicalFolder>
    </logicalFolder>
    <logicalFolder name="LinkerScript"
                   displayName="Linker Files"
                   projectFiles="true">
      <logicalFolder name="f1" displayName="system_config" projectFiles="true">
        <logicalFolder name="f1" displayName="usart_pic32mz_ef_sk" projectFiles="true">
          <itemPath>../src/system_config/usart_pic32mz_ef_sk/btl_mz.ld</itemPath>
        </logicalFolder>
      </logicalFolder>
    </logicalFolder>
    <logicalFolder name="SourceFiles"
                   displayName="Source Files"
                   projectFiles="true">
      <logicalFolder name="app" displayName="app" projectFiles="true">
        <logicalFolder name="f1" displayName="system_config" projectFiles="true">
          <logicalFolder name="f1" displayName="usart_pic32mz_ef_sk" projectFiles="true">
            <logicalFolder name="f2" displayName="bsp" projectFiles="true">
              <itemPath>../src/system_config/usart_pic32mz_ef_sk/bsp/bsp.c</itemPath>
            </logicalFolder>
            <logicalFolder name="f1" displayName="framework" projectFiles="true">
              <logicalFolder name="f1" displayName="driver" projectFiles="true">
                <logicalFolder name="f1" displayName="usart" projectFiles="true">
                  <logicalFolder name="f1" displayName="src" projectFiles="true">
                    <itemPath>../src/system_config/usart_pic32mz_ef_sk/framework/driver/usart/src/drv_usart_mapping.c</itemPath>
                    <itemPath>../src/system_config/usart_pic32mz_ef_sk/framework/driver/usart/src/drv_usart_static.c</itemPath>
                    <itemPath>../src/system_config/usart_pic32mz_ef_sk/framework/driver/usart/src/drv_usart_static_byte_model.c</itemPath>
                  </logicalFolder>
                </logicalFolder>
              </logicalFolder>
              <logicalFolder name="f2" displayName="system" projectFiles="true">
                <logicalFolder name="f1" displayName="clk" projectFiles="true">
                  <logicalFolder name="f1" displayName="src" projectFiles="true">
                    <itemPath>../src/system_config/usart_pic32mz_ef_sk/framework/system/clk/src/sys_clk.c</itemPath>
                    <itemPath>../src/system_config/usart_pic32mz_ef_sk/framework/system/clk/src/sys_clk_pic32mz.c</itemPath>
                  </logicalFolder>
                </logicalFolder>
                <logicalFolder name="f2" displayName="devcon" projectFiles="true">
                  <logicalFolder name="f1" displayName="src" projectFiles="true">
                    <itemPath>../src/system_config/usart_pic32mz_ef_sk/framework/system/devcon/src/sys_devcon.c</itemPath>
                    <itemPath>../src/system_config/usart_pic32mz_ef_sk/framework/system/devcon/src/sys_devcon_pic32mz.c</itemPath>
                    <itemPath>../src/system_config/usart_pic32mz_ef_sk/framework/system/devcon/src/sys_devcon_cache_pic32mz.S</itemPath>
                    <itemPath>../src/system_config/usart_pic32mz_ef_sk/framework/system/devcon/src/sys_devcon_cache.h</itemPath>
                  </logicalFolder>
                </logicalFolder>
                <logicalFolder name="f3" displayName="ports" projectFiles="true">
                  <logicalFolder name="f1" displayName="src" projectFiles="true">
                    <itemPath>../src/system_config/usart_pic32mz_ef_sk/framework/system/ports/src/sys_ports_static.c</itemPath>
                  </logicalFolder>
                </logicalFolder>
              </logicalFolder>
            </logicalFolder>
            <itemPath>../src/system_config/usart_pic32mz_ef_sk/system_init.c</itemPath>
            <itemPath>../src/system_config/usart_pic32mz_ef_sk/system_interrupt.c</itemPath>
            <itemPath>../src/system_config/usart_pic32mz_ef_sk/system_exceptions.c</itemPath>
            <itemPath>../src/system_config/usart_pic32mz_ef_sk/system_tasks.c</itemPath>
          </logicalFolder>
        </logicalFolder>
        <itemPath>../src/app.c</itemPath>
        <itemPath>../src/main.c</itemPath>
      </logicalFolder>
      <logicalFolder name="f1" displayName="framework" projectFiles="true">
        <logicalFolder name="f1" displayName="bootloader" projectFiles="true">
          <logicalFolder name="f1" displayName="src" projectFiles="true">
            <logicalFolder name="f1" displayName="datastream" projectFiles="true">
              <itemPath>../../../../../framework/bootloader/src/datastream/datastream.c</itemPath>
              <itemPath>../../../../../framework/bootloader/src/datastream/datastream_usart.c</itemPath>
            </logicalFolder>
            <itemPath>../../../../../framework/bootloader/src/bootloader.c</itemPath>
            <itemPath>../../../../../framework/bootloader/src/nvm.c</itemPath>
          </logicalFolder>
        </logicalFolder>
        <logicalFolder name="f3" displayName="osal" projectFiles="true">
          <logicalFolder name="f1" displayName="src" projectFiles="true">
            <itemPath>../../../../../framework/osal/src/osal_freertos.c</itemPath>
          </logicalFolder>
        </logicalFolder>
        <logicalFolder name="f2" displayName="system" projectFiles="true">
          <logicalFolder name="f2" displayName="int" projectFiles="true">
            <logicalFolder name="f1" displayName="src" projectFiles="true">
              <itemPath>../../../../../framework/system/int/src/sys_int_pic32.c</itemPath>
            </logicalFolder>
          </logicalFolder>
          <logicalFolder name="f1" displayName="reset" projectFiles="true">
            <logicalFolder name="f1" displayName="src" projectFiles="true">
              <itemPath>../../../../../framework/system/reset/src/sys_reset.c</itemPath>
            </logicalFolder>
          </logicalFolder>
        </logicalFolder>
      </logicalFolder>
    </logicalFolder>
    <logicalFolder name="ExternalFiles"
                   displayName="Important Files"
                   projectFiles="false">
      <itemPath>Makefile</itemPath>
    </logicalFolder>
  </logicalFolder>
  <sourceRootList>
    <Elem>../../../../../framework/system/devcon/src</Elem>
    <Elem>../../../../../bsp/pic32mz_ec_sk</Elem>
    <Elem>../../../btl_common_src</Elem>
    <Elem>../../../../../framework/system/clk/src</Elem>
    <Elem>../../../../../bsp/pic32mx_eth_sk</Elem>
    <Elem>../../../btl_linker_scripts/PIC32MX_uart</Elem>
    <Elem>../../../../../framework/bootloader/src</Elem>
    <Elem>../../../../../../../../v1_03/software/isp_root/apps/bootloader/btl_linker_scripts/PIC32MZ</Elem>
    <Elem>../../../../../../../../../../../Microchip/harmony/v1_03_01/apps/bootloader_GOOD/btl_linker_scripts/PIC32MZ</Elem>
    <Elem>../../..</Elem>
    <Elem>../src/usart_pic32mz_ef_sk_freertos</Elem>
    <Elem>../src/system_config/usart_pic32mz_ef_sk_freertos</Elem>
    <Elem>..\src</Elem>
    <Elem>..\src\usart_pic32mz_ef_sk</Elem>
    <Elem>..\src\system_config\usart_pic32mz_ef_sk</Elem>
    <Elem>..\src\usart_pic32mz_ef_sk_freertos</Elem>
    <Elem>..\src\system_config\usart_pic32mz_ef_sk_freertos</Elem>
    <Elem>..\src\usart_pic32mz_ec_sk</Elem>
    <Elem>..\src\system_config\usart_pic32mz_ec_sk</Elem>
  </sourceRootList>
  <projectmakefile>Makefile</projectmakefile>
  <confs>
    <conf name="usart_pic32mz_ef_sk" type="2">
      <toolsSet>
        <developmentServer>localhost</developmentServer>
        <targetDevice>PIC32MZ2048EFH144</targetDevice>
        <targetHeader></targetHeader>
        <targetPluginBoard></targetPluginBoard>
        <platformTool>RealICEPlatformTool</platformTool>
        <languageToolchain>XC32</languageToolchain>
        <languageToolchainVersion>1.43</languageToolchainVersion>
        <platform>3</platform>
      </toolsSet>
      <compileType>
        <linkerTool>
          <linkerLibItems>
            <linkerLibFileItem>../../../../../bin/framework/peripheral/PIC32MZ2048EFH144_peripherals.a</linkerLibFileItem>
          </linkerLibItems>
        </linkerTool>
        <archiverTool>
        </archiverTool>
        <loading>
          <useAlternateLoadableFile>false</useAlternateLoadableFile>
          <parseOnProdLoad>true</parseOnProdLoad>
          <alternateLoadableFile></alternateLoadableFile>
        </loading>
        <subordinates>
        </subordinates>
      </compileType>
      <makeCustomizationType>
        <makeCustomizationPreStepEnabled>false</makeCustomizationPreStepEnabled>
        <makeCustomizationPreStep></makeCustomizationPreStep>
        <makeCustomizationPostStepEnabled>false</makeCustomizationPostStepEnabled>
        <makeCustomizationPostStep></makeCustomizationPostStep>
        <makeCustomizationPutChecksumInUserID>false</makeCustomizationPutChecksumInUserID>
        <makeCustomizationEnableLongLines>false</makeCustomizationEnableLongLines>
        <makeCustomizationNormalizeHexFile>false</makeCustomizationNormalizeHexFile>
      </makeCustomizationType>
      <item path="../../../../../framework/osal/src/osal_freertos.c"
            ex="true"
            overriding="false">
        <C32>
        </C32>
        <C32-AR>
        </C32-AR>
        <C32-AS>
        </C32-AS>
        <C32-LD>
        </C32-LD>
        <C32CPP>
        </C32CPP>
        <C32Global>
        </C32Global>
      </item>
      <item path="../../../../../framework/osal/src/osal_freertos.h"
            ex="true"
            overriding="false">
        <C32>
        </C32>
        <C32-AR>
        </C32-AR>
        <C32-AS>
        </C32-AS>
        <C32-LD>
        </C32-LD>
        <C32CPP>
        </C32CPP>
        <C32Global>
        </C32Global>
      </item>
      <item path="../../../../../framework/peripheral/ctr/processor/ctr_p32mz2048ecm144.h"
            ex="true"
            overriding="false">
        <C32>
        </C32>
        <C32-AR>
        </C32-AR>
        <C32-AS>
        </C32-AS>
        <C32-LD>
        </C32-LD>
        <C32CPP>
        </C32CPP>
        <C32Global>
        </C32Global>
      </item>
      <item path="../../../../../framework/system/int/src/sys_int_pic32.c"
            ex="true"
            overriding="false">
        <C32>
        </C32>
        <C32-AR>
        </C32-AR>
        <C32-AS>
        </C32-AS>
        <C32-LD>
        </C32-LD>
        <C32CPP>
        </C32CPP>
        <C32Global>
        </C32Global>
      </item>
      <item path="../../../../../framework/system/int/src/sys_int_private.h"
            ex="true"
            overriding="false">
        <C32>
        </C32>
        <C32-AR>
        </C32-AR>
        <C32-AS>
        </C32-AS>
        <C32-LD>
        </C32-LD>
        <C32CPP>
        </C32CPP>
        <C32Global>
        </C32Global>
      </item>
      <C32>
        <property key="additional-warnings" value="true"/>
        <property key="addresss-attribute-use" value="false"/>
        <property key="enable-app-io" value="false"/>
        <property key="enable-omit-frame-pointer" value="false"/>
        <property key="enable-symbols" value="true"/>
        <property key="enable-unroll-loops" value="false"/>
        <property key="exclude-floating-point" value="false"/>
        <property key="extra-include-directories"
                  value="../src;../src/system_config/usart_pic32mz_ef_sk;../src/usart_pic32mz_ef_sk;../../../../../framework;../src/system_config/usart_pic32mz_ef_sk/framework;../src/system_config/usart_pic32mz_ef_sk/bsp"/>
        <property key="generate-16-bit-code" value="false"/>
        <property key="generate-micro-compressed-code" value="false"/>
        <property key="isolate-each-function" value="true"/>
        <property key="make-warnings-into-errors" value="true"/>
        <property key="optimization-level" value="-O1"/>
        <property key="place-data-into-section" value="false"/>
        <property key="post-instruction-scheduling" value="default"/>
        <property key="pre-instruction-scheduling" value="default"/>
        <property key="preprocessor-macros" value=""/>
        <property key="strict-ansi" value="false"/>
        <property key="support-ansi" value="false"/>
        <property key="toplevel-reordering" value=""/>
        <property key="use-cci" value="false"/>
        <property key="use-iar" value="false"/>
        <property key="use-indirect-calls" value="false"/>
      </C32>
      <C32-AR>
        <property key="additional-options-chop-files" value="false"/>
      </C32-AR>
      <C32-AS>
        <property key="assembler-symbols" value=""/>
        <property key="enable-symbols" value="true"/>
        <property key="exclude-floating-point-library" value="false"/>
        <property key="expand-macros" value="false"/>
        <property key="extra-include-directories-for-assembler" value=""/>
        <property key="extra-include-directories-for-preprocessor" value=""/>
        <property key="false-conditionals" value="false"/>
        <property key="generate-16-bit-code" value="false"/>
        <property key="generate-micro-compressed-code" value="false"/>
        <property key="keep-locals" value="false"/>
        <property key="list-assembly" value="false"/>
        <property key="list-source" value="false"/>
        <property key="list-symbols" value="false"/>
        <property key="oXC32asm-list-to-file" value="false"/>
        <property key="omit-debug-dirs" value="false"/>
        <property key="omit-forms" value="false"/>
        <property key="preprocessor-macros" value=""/>
        <property key="warning-level" value=""/>
      </C32-AS>
      <C32-LD>
        <property key="additional-options-use-response-files" value="false"/>
        <property key="allocate-dinit" value="false"/>
        <property key="code-dinit" value="false"/>
        <property key="ebase-addr" value=""/>
        <property key="enable-check-sections" value="false"/>
        <property key="exclude-floating-point-library" value="false"/>
        <property key="exclude-standard-libraries" value="false"/>
        <property key="extra-lib-directories" value=""/>
        <property key="fill-flash-options-addr" value=""/>
        <property key="fill-flash-options-const" value=""/>
        <property key="fill-flash-options-how" value="0"/>
        <property key="fill-flash-options-inc-const" value="1"/>
        <property key="fill-flash-options-increment" value=""/>
        <property key="fill-flash-options-seq" value=""/>
        <property key="fill-flash-options-what" value="0"/>
        <property key="generate-16-bit-code" value="false"/>
        <property key="generate-cross-reference-file" value="false"/>
        <property key="generate-micro-compressed-code" value="false"/>
        <property key="heap-size" value="0"/>
        <property key="input-libraries" value=""/>
        <property key="kseg-length" value=""/>
        <property key="kseg-origin" value=""/>
        <property key="linker-symbols" value=""/>
        <property key="map-file" value="${DISTDIR}/${PROJECTNAME}.${IMAGE_TYPE}.map"/>
        <property key="no-startup-files" value="false"/>
        <property key="oXC32ld-extra-opts" value=""/>
        <property key="optimization-level" value=""/>
        <property key="preprocessor-macros" value=""/>
        <property key="remove-unused-sections" value="true"/>
        <property key="report-memory-usage" value="false"/>
        <property key="serial-length" value=""/>
        <property key="serial-origin" value=""/>
        <property key="stack-size" value=""/>
        <property key="symbol-stripping" value=""/>
        <property key="trace-symbols" value=""/>
        <property key="warn-section-align" value="false"/>
      </C32-LD>
      <C32CPP>
        <property key="additional-warnings" value="false"/>
        <property key="addresss-attribute-use" value="false"/>
        <property key="check-new" value="false"/>
        <property key="eh-specs" value="true"/>
        <property key="enable-app-io" value="false"/>
        <property key="enable-omit-frame-pointer" value="false"/>
        <property key="enable-symbols" value="true"/>
        <property key="enable-unroll-loops" value="false"/>
        <property key="exceptions" value="true"/>
        <property key="exclude-floating-point" value="false"/>
        <property key="extra-include-directories" value=""/>
        <property key="generate-16-bit-code" value="false"/>
        <property key="generate-micro-compressed-code" value="false"/>
        <property key="isolate-each-function" value="true"/>
        <property key="make-warnings-into-errors" value="false"/>
        <property key="optimization-level" value="-O1"/>
        <property key="place-data-into-section" value="false"/>
        <property key="post-instruction-scheduling" value="default"/>
        <property key="pre-instruction-scheduling" value="default"/>
        <property key="preprocessor-macros" value=""/>
        <property key="rtti" value="true"/>
        <property key="strict-ansi" value="false"/>
        <property key="toplevel-reordering" value=""/>
        <property key="use-cci" value="false"/>
        <property key="use-iar" value="false"/>
        <property key="use-indirect-calls" value="false"/>
      </C32CPP>
      <C32Global>
        <property key="common-include-directories" value=""/>
        <property key="gp-relative-option" value=""/>
        <property key="legacy-libc" value="false"/>
        <property key="relaxed-math" value="false"/>
        <property key="save-temps" value="false"/>
        <property key="wpo-lto" value="false"/>
      </C32Global>
      <PKOBSKDEPlatformTool>
        <property key="AutoSelectMemRanges" value="auto"/>
        <property key="SecureSegment.SegmentProgramming" value="FullChipProgramming"/>
        <property key="ToolFirmwareFilePath"
                  value="Press to browse for a specific firmware version"/>
        <property key="ToolFirmwareOption.UseLatestFirmware" value="true"/>
        <property key="memories.configurationmemory" value="true"/>
        <property key="memories.dataflash" value="true"/>
        <property key="memories.eeprom" value="true"/>
        <property key="memories.id" value="true"/>
        <property key="memories.programmemory" value="true"/>
        <property key="memories.programmemory.end" value="0x1d1fffff"/>
        <property key="memories.programmemory.start" value="0x1d000000"/>
        <property key="memories.userotp" value="true"/>
        <property key="programoptions.donoteraseauxmem" value="false"/>
        <property key="programoptions.eraseb4program" value="true"/>
        <property key="programoptions.preservedataflash" value="false"/>
        <property key="programoptions.preserveeeprom" value="false"/>
        <property key="programoptions.preserveprogramrange" value="false"/>
        <property key="programoptions.preserveprogramrange.end" value="0x1d0007ff"/>
        <property key="programoptions.preserveprogramrange.start" value="0x1d000000"/>
        <property key="programoptions.usehighvoltageonmclr" value="false"/>
        <property key="programoptions.uselvpprogramming" value="true"/>
      </PKOBSKDEPlatformTool>
      <RealICEPlatformTool>
        <property key="ADC" value="true"/>
        <property key="AutoSelectMemRanges" value="auto"/>
        <property key="CAN1" value="true"/>
        <property key="CAN2" value="true"/>
        <property key="CHANGE NOTICE A" value="true"/>
        <property key="CHANGE NOTICE B" value="true"/>
        <property key="CHANGE NOTICE C" value="true"/>
        <property key="CHANGE NOTICE D" value="true"/>
        <property key="CHANGE NOTICE E" value="true"/>
        <property key="CHANGE NOTICE F" value="true"/>
        <property key="CHANGE NOTICE G" value="true"/>
        <property key="CHANGE NOTICE H" value="true"/>
        <property key="CHANGE NOTICE J" value="true"/>
        <property key="CHANGE NOTICE K" value="true"/>
        <property key="COMPARATOR" value="true"/>
        <property key="DMA" value="true"/>
        <property key="ETHERNET CONTROLLER" value="true"/>
        <property key="Freeze All Other Peripherals" value="true"/>
        <property key="I2C 1" value="true"/>
        <property key="I2C 2" value="true"/>
        <property key="I2C 3" value="true"/>
        <property key="I2C 4" value="true"/>
        <property key="I2C 5" value="true"/>
        <property key="INPUT CAPTURE 1" value="true"/>
        <property key="INPUT CAPTURE 2" value="true"/>
        <property key="INPUT CAPTURE 3" value="true"/>
        <property key="INPUT CAPTURE 4" value="true"/>
        <property key="INPUT CAPTURE 5" value="true"/>
        <property key="INPUT CAPTURE 6" value="true"/>
        <property key="INPUT CAPTURE 7" value="true"/>
        <property key="INPUT CAPTURE 8" value="true"/>
        <property key="INPUT CAPTURE 9" value="true"/>
        <property key="INTERRUPT CONTROL" value="true"/>
        <property key="OUTPUT COMPARE 1" value="true"/>
        <property key="OUTPUT COMPARE 2" value="true"/>
        <property key="OUTPUT COMPARE 3" value="true"/>
        <property key="OUTPUT COMPARE 4" value="true"/>
        <property key="OUTPUT COMPARE 5" value="true"/>
        <property key="OUTPUT COMPARE 6" value="true"/>
        <property key="OUTPUT COMPARE 7" value="true"/>
        <property key="OUTPUT COMPARE 8" value="true"/>
        <property key="OUTPUT COMPARE 9" value="true"/>
        <property key="PARALLEL MASTER/SLAVE PORT" value="true"/>
        <property key="REAL TIME CLOCK" value="true"/>
        <property key="REFERENCE CLOCK1" value="true"/>
        <property key="REFERENCE CLOCK2" value="true"/>
        <property key="REFERENCE CLOCK3" value="true"/>
        <property key="REFERENCE CLOCK4" value="true"/>
        <property key="RIExTrigs.Five" value="OFF"/>
        <property key="RIExTrigs.Four" value="OFF"/>
        <property key="RIExTrigs.One" value="OFF"/>
        <property key="RIExTrigs.Seven" value="OFF"/>
        <property key="RIExTrigs.Six" value="OFF"/>
        <property key="RIExTrigs.Three" value="OFF"/>
        <property key="RIExTrigs.Two" value="OFF"/>
        <property key="RIExTrigs.Zero" value="OFF"/>
        <property key="SPI/I2S 1" value="true"/>
        <property key="SPI/I2S 2" value="true"/>
        <property key="SPI/I2S 3" value="true"/>
        <property key="SPI/I2S 4" value="true"/>
        <property key="SPI/I2S 5" value="true"/>
        <property key="SPI/I2S 6" value="true"/>
        <property key="SecureSegment.SegmentProgramming" value="FullChipProgramming"/>
        <property key="TIMER1" value="true"/>
        <property key="TIMER2" value="true"/>
        <property key="TIMER3" value="true"/>
        <property key="TIMER4" value="true"/>
        <property key="TIMER5" value="true"/>
        <property key="TIMER6" value="true"/>
        <property key="TIMER7" value="true"/>
        <property key="TIMER8" value="true"/>
        <property key="TIMER9" value="true"/>
        <property key="ToolFirmwareFilePath"
                  value="Press to browse for a specific firmware version"/>
        <property key="ToolFirmwareOption.UseLatestFirmware" value="true"/>
        <property key="UART1" value="true"/>
        <property key="UART2" value="true"/>
        <property key="UART3" value="true"/>
        <property key="UART4" value="true"/>
        <property key="UART5" value="true"/>
        <property key="UART6" value="true"/>
        <property key="debugoptions.useswbreakpoints" value="false"/>
        <property key="firmware.download.all" value="false"/>
        <property key="hwtoolclock.frcindebug" value="false"/>
        <property key="hwtoolclock.instructionspeed" value="4"/>
        <property key="hwtoolclock.units" value="mips"/>
        <property key="memories.aux" value="false"/>
        <property key="memories.bootflash" value="true"/>
        <property key="memories.configurationmemory" value="true"/>
        <property key="memories.configurationmemory2" value="true"/>
        <property key="memories.dataflash" value="true"/>
        <property key="memories.eeprom" value="true"/>
        <property key="memories.flashdata" value="true"/>
        <property key="memories.id" value="true"/>
        <property key="memories.instruction.ram" value="true"/>
        <property key="memories.instruction.ram.ranges"
                  value="${memories.instruction.ram.ranges}"/>
        <property key="memories.programmemory" value="true"/>
        <property key="memories.programmemory.ranges" value="1d000000-1d1fffff"/>
        <property key="poweroptions.powerenable" value="false"/>
        <property key="programoptions.donoteraseauxmem" value="false"/>
        <property key="programoptions.eraseb4program" value="true"/>
        <property key="programoptions.preservedataflash" value="false"/>
        <property key="programoptions.preservedataflash.ranges" value=""/>
        <property key="programoptions.preserveeeprom" value="false"/>
        <property key="programoptions.preserveeeprom.ranges" value=""/>
        <property key="programoptions.preserveprogram.ranges" value=""/>
        <property key="programoptions.preserveprogramrange" value="false"/>
        <property key="programoptions.preserveuserid" value="false"/>
        <property key="programoptions.programcalmem" value="false"/>
        <property key="programoptions.programuserotp" value="false"/>
        <property key="programoptions.usehighvoltageonmclr" value="false"/>
        <property key="programoptions.uselvpprogramming" value="false"/>
        <property key="tracecontrol.include.timestamp" value="summarydataenabled"/>
        <property key="tracecontrol.select" value="0"/>
        <property key="tracecontrol.stallontracebufferfull" value="false"/>
        <property key="tracecontrol.tracebufmax" value="546000"/>
        <property key="tracecontrol.tracefile" value="defmplabxtrace.log"/>
        <property key="tracecontrol.tracefilemax" value="10000000"/>
        <property key="voltagevalue" value="3.25"/>
      </RealICEPlatformTool>
    </conf>
  </confs>
</configurationDescriptor>
