<?xml version="1.0" encoding="UTF-8" standalone="no"?>
<Configuration version="2.0.0.12">
  <Designer>
    <Assets dnOrder="0">
      <Settings bpp="16" dnOrder="0">
        <MemoryLocations dnOrder="0">
          <MemoryLocation address="0" dnOrder="0" id="default"/>
        </MemoryLocations>
      </Settings>
    </Assets>
    <Schemes defaultSchemeName="default" dnOrder="1">
      <Scheme dnOrder="0" name="default">
        <Alpha dnOrder="0">100</Alpha>
        <BackgroundOffset dnOrder="1">0,0</BackgroundOffset>
        <BackgroundType dnOrder="2">None</BackgroundType>
        <Colors dnOrder="3">
          <Background dnOrder="0">000000</Background>
          <Disabled dnOrder="1">C0C0C0</Disabled>
          <EmbossDark dnOrder="2">404040</EmbossDark>
          <EmbossLight dnOrder="3">C0C0C0</EmbossLight>
          <GradientEnd dnOrder="4">FFFFFF</GradientEnd>
          <GradientStart dnOrder="5">000000</GradientStart>
          <Primary dnOrder="6">FFFFFF</Primary>
          <Secondary dnOrder="7">404040</Secondary>
          <TextDisabled dnOrder="8">404040</TextDisabled>
          <TextPrimary dnOrder="9">000000</TextPrimary>
          <TextSecondary dnOrder="10">FFFFFF</TextSecondary>
        </Colors>
        <EmbossSize dnOrder="4">3</EmbossSize>
        <FillStyle dnOrder="5">Color</FillStyle>
      </Scheme>
    </Schemes>
    <Screens dnOrder="2" height="200" width="320">
      <Screen active="true" background="000000" clearOnShow="true" dnOrder="0" export="true" name="Untitled" primary="true" visible="true">
        <Objects dnOrder="0"/>
      </Screen>
    </Screens>
  </Designer>
  <DisplayManager>
    <SystemInitScript dnOrder="0"/>
    <SystemStartScript dnOrder="1"/>
  </DisplayManager>
  <General>
    <HarmonyPath dnOrder="0" path="../../.."/>
    <Processor dnOrder="1" name="PIC32MZ2048EFH144"/>
    <Board dnOrder="2" name=""/>
    <ForceOptimization dnOrder="3" flag="true"/>
    <MergeStrategy dnOrder="4" flag="USER_ALL"/>
  </General>
  <Manifest>
    <Files dnOrder="0">
      <File dnOrder="0">
        <Name dnOrder="0">osal_impl_basic.h</Name>
        <Path dnOrder="1">Header Files/framework/osal/src</Path>
      </File>
      <File dnOrder="1">
        <Name dnOrder="0">sys_reset.h</Name>
        <Path dnOrder="1">Header Files/framework/system/reset</Path>
      </File>
      <File dnOrder="2">
        <Name dnOrder="0">sys_clk_pic32mz.h</Name>
        <Path dnOrder="1">Header Files/framework/system/clk/src</Path>
      </File>
      <File dnOrder="3">
        <Name dnOrder="0">nvm.h</Name>
        <Path dnOrder="1">Header Files/framework/bootloader/src</Path>
      </File>
      <File dnOrder="4">
        <Name dnOrder="0">driver_common.h</Name>
        <Path dnOrder="1">Header Files/framework/driver</Path>
      </File>
      <File dnOrder="5">
        <Name dnOrder="0">sys_reset_local.h</Name>
        <Path dnOrder="1">Header Files/framework/system/reset/src</Path>
      </File>
      <File dnOrder="6">
        <Name dnOrder="0">sys_dma.h</Name>
        <Path dnOrder="1">Header Files/framework/system/dma</Path>
      </File>
      <File dnOrder="7">
        <Name dnOrder="0">sys_reset.c</Name>
        <Path dnOrder="1">Source Files/framework/system/reset/src</Path>
      </File>
      <File dnOrder="8">
        <Name dnOrder="0">nvm.c</Name>
        <Path dnOrder="1">Source Files/framework/bootloader/src</Path>
      </File>
      <File dnOrder="9">
        <Name dnOrder="0">osal.h</Name>
        <Path dnOrder="1">Header Files/framework/osal</Path>
      </File>
      <File dnOrder="10">
        <Name dnOrder="0">sys_fs.h</Name>
        <Path dnOrder="1">Header Files/framework/system/fs</Path>
      </File>
      <File dnOrder="11">
        <Name dnOrder="0">sys_reset_mapping.h</Name>
        <Path dnOrder="1">Header Files/framework/system/reset/src</Path>
      </File>
      <File dnOrder="12">
        <Name dnOrder="0">datastream.h</Name>
        <Path dnOrder="1">Header Files/framework/bootloader/src</Path>
      </File>
      <File dnOrder="13">
        <Name dnOrder="0">sys_clk_local.h</Name>
        <Path dnOrder="1">Header Files/framework/system/clk/src</Path>
      </File>
      <File dnOrder="14">
        <Name dnOrder="0">sys_ports.h</Name>
        <Path dnOrder="1">Header Files/framework/system/ports</Path>
      </File>
      <File dnOrder="15">
        <Name dnOrder="0">datastream.c</Name>
        <Path dnOrder="1">Source Files/framework/bootloader/src/datastream</Path>
      </File>
      <File dnOrder="16">
        <Name dnOrder="0">driver.h</Name>
        <Path dnOrder="1">Header Files/framework/driver</Path>
      </File>
      <File dnOrder="17">
        <Name dnOrder="0">sys_common.h</Name>
        <Path dnOrder="1">Header Files/framework/system/common</Path>
      </File>
      <File dnOrder="18">
        <Name dnOrder="0">sys_buffer.h</Name>
        <Path dnOrder="1">Header Files/framework/system/common</Path>
      </File>
      <File dnOrder="19">
        <Name dnOrder="0">sys_clk_compatibility.h</Name>
        <Path dnOrder="1">Header Files/framework/system/clk</Path>
      </File>
      <File dnOrder="20">
        <Name dnOrder="0">sys_clk.h</Name>
        <Path dnOrder="1">Header Files/framework/system/clk</Path>
      </File>
      <File dnOrder="21">
        <Name dnOrder="0">osal_impl_none.h</Name>
        <Path dnOrder="1">Header Files/framework/osal/src</Path>
      </File>
      <File dnOrder="22">
        <Name dnOrder="0">bootloader.h</Name>
        <Path dnOrder="1">Header Files/framework/bootloader/src</Path>
      </File>
      <File dnOrder="23">
        <Name dnOrder="0">sys_clk_mapping.h</Name>
        <Path dnOrder="1">Header Files/framework/system/clk</Path>
      </File>
      <File dnOrder="24">
        <Name dnOrder="0">sys_int_mapping.h</Name>
        <Path dnOrder="1">Header Files/framework/system/int</Path>
      </File>
      <File dnOrder="25">
        <Name dnOrder="0">osal_definitions.h</Name>
        <Path dnOrder="1">Header Files/framework/osal</Path>
      </File>
      <File dnOrder="26">
        <Name dnOrder="0">system.h</Name>
        <Path dnOrder="1">Header Files/framework/system</Path>
      </File>
      <File dnOrder="27">
        <Name dnOrder="0">bootloader.c</Name>
        <Path dnOrder="1">Source Files/framework/bootloader/src</Path>
      </File>
      <File dnOrder="28">
        <Name dnOrder="0">drv_usart.h</Name>
        <Path dnOrder="1">Header Files/framework/driver/usart</Path>
      </File>
      <File dnOrder="29">
        <Name dnOrder="0">sys_debug.h</Name>
        <Path dnOrder="1">Header Files/framework/system/debug</Path>
      </File>
      <File dnOrder="30">
        <Name dnOrder="0">sys_clk_variant_mapping.h</Name>
        <Path dnOrder="1">Header Files/framework/system/clk/src</Path>
      </File>
      <File dnOrder="31">
        <Name dnOrder="0">drv_usart_variant_mapping.h</Name>
        <Path dnOrder="1">Header Files/framework/driver/usart/src</Path>
      </File>
      <File dnOrder="32">
        <Name dnOrder="0">sys_module.h</Name>
        <Path dnOrder="1">Header Files/framework/system/common</Path>
      </File>
      <File dnOrder="33">
        <Name dnOrder="0">datastream_usart.c</Name>
        <Path dnOrder="1">Source Files/framework/bootloader/src/datastream</Path>
      </File>
      <File dnOrder="34">
        <Name dnOrder="0">sys_queue.h</Name>
        <Path dnOrder="1">Header Files/framework/system/common</Path>
      </File>
      <File dnOrder="35">
        <Name dnOrder="0">sys_int.h</Name>
        <Path dnOrder="1">Header Files/framework/system/int</Path>
      </File>
    </Files>
    <Templates dnOrder="1">
      <Template dnOrder="0">
        <Name dnOrder="0">sys_clk.c</Name>
        <Path dnOrder="1">Source Files/app/system_config/usart_pic32mz_ef_sk/framework/system/clk/src</Path>
        <Checksum dnOrder="2">2C9CA5E09D760D62AFE248FB11285DD5</Checksum>
      </Template>
      <Template dnOrder="1">
        <Name dnOrder="0">btl_mz.ld</Name>
        <Path dnOrder="1">Linker Files/system_config/usart_pic32mz_ef_sk</Path>
        <Checksum dnOrder="2">394B3139EE36EE5C78498F3C80CD76DB</Checksum>
      </Template>
      <Template dnOrder="2">
        <Name dnOrder="0">sys_clk_local.h</Name>
        <Path dnOrder="1">Header Files/app/system_config/usart_pic32mz_ef_sk/framework/system/clk/src</Path>
        <Checksum dnOrder="2">EB8FDACFE31B7395E3FCD139DA50D9E5</Checksum>
      </Template>
      <Template dnOrder="3">
        <Name dnOrder="0">system_interrupt.c</Name>
        <Path dnOrder="1">Source Files/app/system_config/usart_pic32mz_ef_sk</Path>
        <Checksum dnOrder="2">C789B02ABAB38CB2AFC7FB18655D1232</Checksum>
      </Template>
      <Template dnOrder="4">
        <Name dnOrder="0">sys_devcon.h</Name>
        <Path dnOrder="1">Header Files/app/system_config/usart_pic32mz_ef_sk/framework/system/devcon</Path>
        <Checksum dnOrder="2">07580DCDEF89D9C79B062544109C5367</Checksum>
      </Template>
      <Template dnOrder="5">
        <Name dnOrder="0">drv_usart_static_local.h</Name>
        <Path dnOrder="1">Header Files/app/system_config/usart_pic32mz_ef_sk/framework/driver/usart/src</Path>
        <Checksum dnOrder="2">9563F23392942CF4B5C01E1065907D06</Checksum>
      </Template>
      <Template dnOrder="6">
        <Name dnOrder="0">bsp.h</Name>
        <Path dnOrder="1">Header Files/app/system_config/usart_pic32mz_ef_sk/bsp</Path>
        <Checksum dnOrder="2">DDED351BE2D4FB5020C0A5CB6F03C3EF</Checksum>
      </Template>
      <Template dnOrder="7">
        <Name dnOrder="0">sys_clk_pic32mz.c</Name>
        <Path dnOrder="1">Source Files/app/system_config/usart_pic32mz_ef_sk/framework/system/clk/src</Path>
        <Checksum dnOrder="2">AB5E5D762896019C368C765EA3138342</Checksum>
      </Template>
      <Template dnOrder="8">
        <Name dnOrder="0">sys_devcon_cache.h</Name>
        <Path dnOrder="1">Source Files/app/system_config/usart_pic32mz_ef_sk/framework/system/devcon/src</Path>
        <Checksum dnOrder="2">5EB0485AC07A8B25665195B960AFBE5B</Checksum>
      </Template>
      <Template dnOrder="9">
        <Name dnOrder="0">system_definitions.h</Name>
        <Path dnOrder="1">Header Files/app/system_config/usart_pic32mz_ef_sk</Path>
        <Checksum dnOrder="2">CE4393441869571EBCB961EED82B8011</Checksum>
      </Template>
      <Template dnOrder="10">
        <Name dnOrder="0">sys_devcon_cache_pic32mz.S</Name>
        <Path dnOrder="1">Source Files/app/system_config/usart_pic32mz_ef_sk/framework/system/devcon/src</Path>
        <Checksum dnOrder="2">D0A9CCA1CA85BB1CE7364A5DE10CC07D</Checksum>
      </Template>
      <Template dnOrder="11">
        <Name dnOrder="0">system_config.h</Name>
        <Path dnOrder="1">Header Files/app/system_config/usart_pic32mz_ef_sk</Path>
        <Checksum dnOrder="2">B603ECF5541B1FA8806F2557B3225559</Checksum>
      </Template>
      <Template dnOrder="12">
        <Name dnOrder="0">main.c</Name>
        <Path dnOrder="1">Source Files/app</Path>
      </Template>
      <Template dnOrder="13">
        <Name dnOrder="0">system_init.c</Name>
        <Path dnOrder="1">Source Files/app/system_config/usart_pic32mz_ef_sk</Path>
        <Checksum dnOrder="2">526C85004C5F8F80742E15BDFFD6F419</Checksum>
        <ProjectFileChecksum dnOrder="3">EFC2C02CE9AF768437BB3E6C448EF7EA</ProjectFileChecksum>
      </Template>
      <Template dnOrder="14">
        <Name dnOrder="0">drv_usart_mapping.c</Name>
        <Path dnOrder="1">Source Files/app/system_config/usart_pic32mz_ef_sk/framework/driver/usart/src</Path>
        <Checksum dnOrder="2">9CD3E662EEA539EA00ABC2635EFAB393</Checksum>
      </Template>
      <Template dnOrder="15">
        <Name dnOrder="0">drv_usart_static_byte_model.c</Name>
        <Path dnOrder="1">Source Files/app/system_config/usart_pic32mz_ef_sk/framework/driver/usart/src</Path>
        <Checksum dnOrder="2">F5E9F69608DAF5D0A635976F1B6A5E35</Checksum>
      </Template>
      <Template dnOrder="16">
        <Name dnOrder="0">bsp.c</Name>
        <Path dnOrder="1">Source Files/app/system_config/usart_pic32mz_ef_sk/bsp</Path>
        <Checksum dnOrder="2">43C4312FB82DF35E6DEACBD2D9F6CE13</Checksum>
      </Template>
      <Template dnOrder="17">
        <Name dnOrder="0">sys_devcon.c</Name>
        <Path dnOrder="1">Source Files/app/system_config/usart_pic32mz_ef_sk/framework/system/devcon/src</Path>
        <Checksum dnOrder="2">54ADBD4A35BCA03C42C74182FCE41849</Checksum>
      </Template>
      <Template dnOrder="18">
        <Name dnOrder="0">sys_ports_static.c</Name>
        <Path dnOrder="1">Source Files/app/system_config/usart_pic32mz_ef_sk/framework/system/ports/src</Path>
        <Checksum dnOrder="2">B60EDFF137C160B8DAD87149195E0CFC</Checksum>
      </Template>
      <Template dnOrder="19">
        <Name dnOrder="0">system_tasks.c</Name>
        <Path dnOrder="1">Source Files/app/system_config/usart_pic32mz_ef_sk</Path>
        <Checksum dnOrder="2">49E5792B4E45172179EE80AE3E1200E2</Checksum>
      </Template>
      <Template dnOrder="20">
        <Name dnOrder="0">app.c</Name>
        <Path dnOrder="1">Source Files/app</Path>
      </Template>
      <Template dnOrder="21">
        <Name dnOrder="0">system_exceptions.c</Name>
        <Path dnOrder="1">Source Files/app/system_config/usart_pic32mz_ef_sk</Path>
        <Checksum dnOrder="2">C111969CA43D6CEA1E9E33A6164E7AE0</Checksum>
      </Template>
      <Template dnOrder="22">
        <Name dnOrder="0">sys_devcon_pic32mz.c</Name>
        <Path dnOrder="1">Source Files/app/system_config/usart_pic32mz_ef_sk/framework/system/devcon/src</Path>
        <Checksum dnOrder="2">D011F212E6410A0C92087C188E1F60AF</Checksum>
      </Template>
      <Template dnOrder="23">
        <Name dnOrder="0">sys_devcon_local.h</Name>
        <Path dnOrder="1">Header Files/app/system_config/usart_pic32mz_ef_sk/framework/system/devcon/src</Path>
        <Checksum dnOrder="2">B66F9B4DBD85DA7F9DE775E864E01395</Checksum>
      </Template>
      <Template dnOrder="24">
        <Name dnOrder="0">app.h</Name>
        <Path dnOrder="1">Header Files/app</Path>
      </Template>
      <Template dnOrder="25">
        <Name dnOrder="0">drv_usart_static.c</Name>
        <Path dnOrder="1">Source Files/app/system_config/usart_pic32mz_ef_sk/framework/driver/usart/src</Path>
        <Checksum dnOrder="2">F181BC9A9B4F425E51B40967D90AB7D0</Checksum>
      </Template>
      <Template dnOrder="26">
        <Name dnOrder="0">drv_usart_static.h</Name>
        <Path dnOrder="1">Header Files/app/system_config/usart_pic32mz_ef_sk/framework/driver/usart</Path>
        <Checksum dnOrder="2">5CECAF42B01CE886D52A8868E39E7772</Checksum>
      </Template>
    </Templates>
    <CompilerItems dnOrder="2">
      <C32 dnOrder="0">
        <Include dnOrder="0" value="D:\microchip\harmony\v2_02_00b\apps\bootloader\LiveUpdate\firmware\src"/>
        <Include dnOrder="1" value="D:\microchip\harmony\v2_02_00b\apps\bootloader\LiveUpdate\firmware\src\system_config\usart_pic32mz_ef_sk"/>
        <Include dnOrder="2" value="D:\microchip\harmony\v2_02_00b\apps\bootloader\LiveUpdate\firmware\src\usart_pic32mz_ef_sk"/>
        <Include dnOrder="3" value="D:\microchip\harmony\v2_02_00b\framework"/>
        <Include dnOrder="4" value="D:\microchip\harmony\v2_02_00b\apps\bootloader\LiveUpdate\firmware\src\system_config\usart_pic32mz_ef_sk\framework"/>
        <Include dnOrder="5" value="../src/system_config/usart_pic32mz_ef_sk/bsp"/>
      </C32>
    </CompilerItems>
    <Libraries dnOrder="3">
      <Library dnOrder="0" value="../../../../../bin/framework/peripheral/PIC32MZ2048EFH144_peripherals.a"/>
    </Libraries>
  </Manifest>
</Configuration>
